Ref,Val,Package,PosX,PosY,Rot,Side
"C101","10u/16V X7R","C_1210_3225Metric",30.800000,-12.000000,90.000000,top
"C102","1200p/50V C0G","C_0805_2012Metric",42.200000,-12.000000,90.000000,top
"C121","100p/50V C0G","C_0805_2012Metric",60.800000,-12.000000,90.000000,top
"C131","150n/50V X7R","C_0805_2012Metric",80.000000,-12.000000,90.000000,top
"C141","56n/50V X7R","C_0805_2012Metric",29.000000,-71.720000,90.000000,top
"C142","22n/50V X7R","C_0805_2012Metric",32.799999,-71.720000,90.000000,top
"C151","470n/50V X7R","C_0805_2012Metric",81.800000,-71.720000,90.000000,top
"C152","1200p/50V C0G","C_0805_2012Metric",58.000000,-127.440000,90.000000,top
"C201","10u/16V X7R","C_1210_3225Metric",30.800000,-19.620000,90.000000,top
"C202","1200p/50V C0G","C_0805_2012Metric",42.200000,-19.620000,90.000000,top
"C221","100p/50V C0G","C_0805_2012Metric",60.800000,-19.620000,90.000000,top
"C231","150n/50V X7R","C_0805_2012Metric",80.000000,-19.620000,90.000000,top
"C241","56n/50V X7R","C_0805_2012Metric",29.000000,-79.340000,90.000000,top
"C242","22n/50V X7R","C_0805_2012Metric",32.799999,-79.340000,90.000000,top
"C251","470n/50V X7R","C_0805_2012Metric",81.800000,-79.340000,90.000000,top
"C252","1200p/50V C0G","C_0805_2012Metric",58.000000,-131.440000,90.000000,top
"C301","10u/16V X7R","C_1210_3225Metric",30.800000,-27.240000,90.000000,top
"C302","1200p/50V C0G","C_0805_2012Metric",42.200000,-27.240000,90.000000,top
"C321","100p/50V C0G","C_0805_2012Metric",60.800000,-27.240000,90.000000,top
"C331","150n/50V X7R","C_0805_2012Metric",80.000000,-27.240000,90.000000,top
"C341","56n/50V X7R","C_0805_2012Metric",29.000000,-86.960000,90.000000,top
"C342","22n/50V X7R","C_0805_2012Metric",32.799999,-86.960000,90.000000,top
"C351","470n/50V X7R","C_0805_2012Metric",81.800000,-86.960000,90.000000,top
"C352","1200p/50V C0G","C_0805_2012Metric",58.000000,-135.440000,90.000000,top
"C401","10u/16V X7R","C_1210_3225Metric",30.800000,-34.860000,90.000000,top
"C402","1200p/50V C0G","C_0805_2012Metric",42.200000,-34.860000,90.000000,top
"C421","100p/50V C0G","C_0805_2012Metric",60.800000,-34.860000,90.000000,top
"C431","150n/50V X7R","C_0805_2012Metric",80.000000,-34.860000,90.000000,top
"C441","56n/50V X7R","C_0805_2012Metric",29.000000,-94.580000,90.000000,top
"C442","22n/50V X7R","C_0805_2012Metric",32.799999,-94.580000,90.000000,top
"C451","470n/50V X7R","C_0805_2012Metric",81.800000,-94.580000,90.000000,top
"C452","1200p/50V C0G","C_0805_2012Metric",58.000000,-139.440000,90.000000,top
"C501","10u/16V X7R","C_1210_3225Metric",30.800000,-42.480000,90.000000,top
"C502","1200p/50V C0G","C_0805_2012Metric",42.200000,-42.480000,90.000000,top
"C521","100p/50V C0G","C_0805_2012Metric",60.800000,-42.480000,90.000000,top
"C531","150n/50V X7R","C_0805_2012Metric",80.000000,-42.480000,90.000000,top
"C541","56n/50V X7R","C_0805_2012Metric",29.000000,-102.200000,90.000000,top
"C542","22n/50V X7R","C_0805_2012Metric",32.799999,-102.200000,90.000000,top
"C551","470n/50V X7R","C_0805_2012Metric",81.800000,-102.200000,90.000000,top
"C552","1200p/50V C0G","C_0805_2012Metric",58.000000,-143.440000,90.000000,top
"C601","10u/16V X7R","C_1210_3225Metric",30.800000,-50.100000,90.000000,top
"C602","1200p/50V C0G","C_0805_2012Metric",42.200000,-50.100000,90.000000,top
"C621","100p/50V C0G","C_0805_2012Metric",60.800000,-50.100000,90.000000,top
"C631","150n/50V X7R","C_0805_2012Metric",80.000000,-50.100000,90.000000,top
"C641","56n/50V X7R","C_0805_2012Metric",29.000000,-109.820000,90.000000,top
"C642","22n/50V X7R","C_0805_2012Metric",32.799999,-109.820000,90.000000,top
"C651","470n/50V X7R","C_0805_2012Metric",81.800000,-109.820000,90.000000,top
"C652","1200p/50V C0G","C_0805_2012Metric",58.000000,-147.440000,90.000000,top
"C701","100n/50V X7R","C_0805_2012Metric",8.000000,-143.440000,90.000000,top
"C702","100n/50V X7R","C_0805_2012Metric",11.500000,-143.440000,90.000000,top
"C703","100n/50V X7R","C_0805_2012Metric",15.000000,-143.440000,90.000000,top
"C704","100n/50V X7R","C_0805_2012Metric",18.500000,-143.440000,90.000000,top
"C705","100n/50V X7R","C_0805_2012Metric",22.000000,-143.440000,90.000000,top
"C706","100n/50V X7R","C_0805_2012Metric",25.500000,-143.440000,90.000000,top
"C707","100n/50V X7R","C_0805_2012Metric",29.000000,-143.440000,90.000000,top
"C708","100n/50V X7R","C_0805_2012Metric",32.500000,-143.440000,90.000000,top
"C709","100n/50V X7R","C_0805_2012Metric",36.000000,-143.440000,90.000000,top
"C710","100n/50V X7R","C_0805_2012Metric",39.500000,-143.440000,90.000000,top
"C711","100n/50V X7R","C_0805_2012Metric",43.000000,-143.440000,90.000000,top
"C712","100n/50V X7R","C_0805_2012Metric",46.500000,-143.440000,90.000000,top
"C713","100n/50V X7R","C_0805_2012Metric",8.000000,-147.440000,90.000000,top
"C714","100n/50V X7R","C_0805_2012Metric",11.500000,-147.440000,90.000000,top
"C715","100n/50V X7R","C_0805_2012Metric",15.000000,-147.440000,90.000000,top
"C716","100n/50V X7R","C_0805_2012Metric",18.500000,-147.440000,90.000000,top
"C717","100n/50V X7R","C_0805_2012Metric",22.000000,-147.440000,90.000000,top
"C718","100n/50V X7R","C_0805_2012Metric",25.500000,-147.440000,90.000000,top
"C719","100n/50V X7R","C_0805_2012Metric",29.000000,-147.440000,90.000000,top
"C720","100n/50V X7R","C_0805_2012Metric",32.500000,-147.440000,90.000000,top
"C721","100n/50V X7R","C_0805_2012Metric",36.000000,-147.440000,90.000000,top
"C722","100n/50V X7R","C_0805_2012Metric",39.500000,-147.440000,90.000000,top
"C723","100n/50V X7R","C_0805_2012Metric",43.000000,-147.440000,90.000000,top
"C724","100n/50V X7R","C_0805_2012Metric",46.500000,-147.440000,90.000000,top
"C801","100n/50V X7R","C_0805_2012Metric",22.000000,-127.440000,90.000000,top
"C802","10u/16V X7R","C_1210_3225Metric",26.000000,-127.440000,90.000000,top
"C803","100n/50V X7R","C_0805_2012Metric",30.000000,-127.440000,90.000000,top
"C805","2n2/50V C0G","C_0805_2012Metric",40.000000,-167.440000,90.000000,top
"C806","1u/16V X7R","C_0805_2012Metric",52.000000,-167.440000,90.000000,top
"C807","10u/50V X7R","C_1210_3225Metric",32.729999,-201.259999,90.000000,top
"C808","10u/50V X7R","C_1210_3225Metric",36.530000,-201.259999,90.000000,top
"C809","100n/50V X7R","C_0805_2012Metric",39.710000,-201.259999,90.000000,top
"C810","470n/50V X7R","C_0805_2012Metric",53.160000,-194.529999,0.000000,top
"C811","10u/50V X7R","C_1210_3225Metric",71.089999,-201.259999,90.000000,top
"C812","10u/50V X7R","C_1210_3225Metric",77.389999,-201.259999,90.000000,top
"C813","10u/50V X7R","C_1210_3225Metric",81.189999,-201.259999,90.000000,top
"C814","10u/16V X7R","C_1210_3225Metric",99.489999,-201.259999,90.000000,top
"C815","1u/16V X7R","C_0805_2012Metric",84.000000,-130.940000,90.000000,top
"C816","1u/16V X7R","C_0805_2012Metric",84.000000,-143.940000,90.000000,top
"C817","100n/50V X7R","C_0805_2012Metric",68.000000,-130.940000,90.000000,top
"C818","100n/50V X7R","C_0805_2012Metric",72.000000,-130.940000,90.000000,top
"C819","100n/50V X7R","C_0805_2012Metric",76.000000,-130.940000,90.000000,top
"C835","100n/50V X7R","C_0805_2012Metric",18.750000,-192.420000,90.000000,top
"C836","100n/50V X7R","C_0805_2012Metric",28.000000,-186.049999,90.000000,top
"C837","100n/50V X7R","C_0805_2012Metric",43.000000,-186.049999,90.000000,top
"C838","100n/50V X7R","C_0805_2012Metric",52.000000,-186.049999,90.000000,top
"C840","4u7/50V X7R","C_1210_3225Metric",52.000000,-190.649999,90.000000,top
"C841","100n/50V X7R","C_0805_2012Metric",48.000000,-190.649999,90.000000,top
"C842","100n/50V X7R","C_0805_2012Metric",58.000000,-186.149999,90.000000,top
"C843","22u/16V X5R","C_1210_3225Metric",73.100000,-190.649999,90.000000,top
"D151","1N4148W","D_SOD-123",60.000000,-71.720000,90.000000,top
"D152","1N4148W","D_SOD-123",65.000000,-71.720000,90.000000,top
"D251","1N4148W","D_SOD-123",60.000000,-79.340000,90.000000,top
"D252","1N4148W","D_SOD-123",65.000000,-79.340000,90.000000,top
"D351","1N4148W","D_SOD-123",60.000000,-86.960000,90.000000,top
"D352","1N4148W","D_SOD-123",65.000000,-86.960000,90.000000,top
"D451","1N4148W","D_SOD-123",60.000000,-94.580000,90.000000,top
"D452","1N4148W","D_SOD-123",65.000000,-94.580000,90.000000,top
"D551","1N4148W","D_SOD-123",60.000000,-102.200000,90.000000,top
"D552","1N4148W","D_SOD-123",65.000000,-102.200000,90.000000,top
"D651","1N4148W","D_SOD-123",60.000000,-109.820000,90.000000,top
"D652","1N4148W","D_SOD-123",65.000000,-109.820000,90.000000,top
"D801","BAT54","D_SOD-123",44.000000,-167.440000,90.000000,top
"D802","BAT54","D_SOD-123",48.000000,-167.440000,90.000000,top
"D803","PMEG2010AEH","D_SOD-123F",44.000000,-127.440000,90.000000,top
"D804","B340A","D_SMA",28.779999,-201.259999,90.000000,top
"D805","1N4148W","D_SOD-123",25.000000,-186.049999,90.000000,top
"D806","PMEG2010AEH","D_SOD-123F",44.000000,-221.649999,90.000000,top
"D813","BAT54","D_SOD-123",66.000000,-167.440000,90.000000,top
"D823","BAT54","D_SOD-123",70.000000,-167.440000,90.000000,top
"D833","BAT54","D_SOD-123",74.000000,-167.440000,90.000000,top
"F801","1.6A T 250V","Fuse_Schurter_UMT250",10.899999,-201.259999,90.000000,top
"J1","CH1","PinHeader_1x02_P2.54mm_Vertical",6.000000,-12.000000,0.000000,top
"J2","CH2","PinHeader_1x02_P2.54mm_Vertical",6.000000,-19.620000,0.000000,top
"J3","CH3","PinHeader_1x02_P2.54mm_Vertical",6.000000,-27.240000,0.000000,top
"J4","CH4","PinHeader_1x02_P2.54mm_Vertical",6.000000,-34.860000,0.000000,top
"J5","CH5","PinHeader_1x02_P2.54mm_Vertical",6.000000,-42.480000,0.000000,top
"J6","CH6","PinHeader_1x02_P2.54mm_Vertical",6.000000,-50.100000,0.000000,top
"J8","PWR","PinHeader_1x02_P2.54mm_Vertical",6.000000,-198.259999,0.000000,top
"J15","MIDIIN","PinHeader_1x03_P2.54mm_Vertical",14.000000,-176.519999,0.000000,top
"J16","MIDIOUT","PinHeader_1x03_P2.54mm_Vertical",20.000000,-176.519999,0.000000,top
"J17","TAP","PinHeader_1x02_P2.54mm_Vertical",26.000000,-176.519999,0.000000,top
"J18","EXPR","PinHeader_1x03_P2.54mm_Vertical",32.000000,-176.519999,0.000000,top
"J19","RESET","PinHeader_1x02_P2.54mm_Vertical",38.000000,-176.519999,0.000000,top
"K801","G6S-2 DC5","Relay_DPDT_Omron_G6S-2F",44.000000,-157.440000,90.000000,top
"K802","G6S-2 DC5","Relay_DPDT_Omron_G6S-2F",62.000000,-157.440000,90.000000,top
"K803","G6S-2 DC5","Relay_DPDT_Omron_G6S-2F",80.000000,-157.440000,90.000000,top
"L801","744222","L_CommonMode_Wuerth_WE-SL2",20.029999,-201.259999,0.000000,top
"L802","15u 20%","L_Bourns_SRN6045TA",66.000000,-190.649999,0.000000,top
"Q801","DMG1012T","SOT-523",60.000000,-167.440000,0.000000,top
"R101","10k 0.1%","R_0805_2012Metric",13.000000,-12.000000,90.000000,top
"R102","10k 0.1%","R_0805_2012Metric",15.900000,-12.000000,90.000000,top
"R111","12k1 0.1%","R_0805_2012Metric",35.000000,-12.000000,90.000000,top
"R115","220R 1%","R_0805_2012Metric",39.000000,-12.000000,90.000000,top
"R121","12k1 0.1%","R_0805_2012Metric",58.000000,-12.000000,90.000000,top
"R131","1M 1%","R_0805_2012Metric",76.000000,-12.000000,90.000000,top
"R132","1M 1%","R_0805_2012Metric",83.900000,-12.000000,90.000000,top
"R141","22k 1%","R_0805_2012Metric",13.000000,-71.720000,90.000000,top
"R142","17k8 1%","R_0805_2012Metric",17.000000,-71.720000,90.000000,top
"R143","17k8 1%","R_0805_2012Metric",21.000000,-71.720000,90.000000,top
"R144","22k 1%","R_0805_2012Metric",25.000000,-71.720000,90.000000,top
"R151","10k 1%","R_0805_2012Metric",52.000000,-71.720000,90.000000,top
"R152","10k 1%","R_0805_2012Metric",56.000000,-71.720000,90.000000,top
"R153","10k 1%","R_0805_2012Metric",70.000000,-71.720000,90.000000,top
"R154","4k99 1%","R_0805_2012Metric",74.000000,-71.720000,90.000000,top
"R155","10k 1%","R_0805_2012Metric",78.000000,-71.720000,90.000000,top
"R156","22k 1%","R_0805_2012Metric",50.000000,-127.440000,90.000000,top
"R157","4k99 1%","R_0805_2012Metric",54.000000,-127.440000,90.000000,top
"R201","10k 0.1%","R_0805_2012Metric",13.000000,-19.620000,90.000000,top
"R202","10k 0.1%","R_0805_2012Metric",15.900000,-19.620000,90.000000,top
"R211","12k1 0.1%","R_0805_2012Metric",35.000000,-19.620000,90.000000,top
"R215","220R 1%","R_0805_2012Metric",39.000000,-19.620000,90.000000,top
"R221","12k1 0.1%","R_0805_2012Metric",58.000000,-19.620000,90.000000,top
"R231","1M 1%","R_0805_2012Metric",76.000000,-19.620000,90.000000,top
"R232","1M 1%","R_0805_2012Metric",83.900000,-19.620000,90.000000,top
"R241","22k 1%","R_0805_2012Metric",13.000000,-79.340000,90.000000,top
"R242","17k8 1%","R_0805_2012Metric",17.000000,-79.340000,90.000000,top
"R243","17k8 1%","R_0805_2012Metric",21.000000,-79.340000,90.000000,top
"R244","22k 1%","R_0805_2012Metric",25.000000,-79.340000,90.000000,top
"R251","10k 1%","R_0805_2012Metric",52.000000,-79.340000,90.000000,top
"R252","10k 1%","R_0805_2012Metric",56.000000,-79.340000,90.000000,top
"R253","10k 1%","R_0805_2012Metric",70.000000,-79.340000,90.000000,top
"R254","4k99 1%","R_0805_2012Metric",74.000000,-79.340000,90.000000,top
"R255","10k 1%","R_0805_2012Metric",78.000000,-79.340000,90.000000,top
"R256","22k 1%","R_0805_2012Metric",50.000000,-131.440000,90.000000,top
"R257","4k99 1%","R_0805_2012Metric",54.000000,-131.440000,90.000000,top
"R301","10k 0.1%","R_0805_2012Metric",13.000000,-27.240000,90.000000,top
"R302","10k 0.1%","R_0805_2012Metric",15.900000,-27.240000,90.000000,top
"R311","12k1 0.1%","R_0805_2012Metric",35.000000,-27.240000,90.000000,top
"R315","220R 1%","R_0805_2012Metric",39.000000,-27.240000,90.000000,top
"R321","12k1 0.1%","R_0805_2012Metric",58.000000,-27.240000,90.000000,top
"R331","1M 1%","R_0805_2012Metric",76.000000,-27.240000,90.000000,top
"R332","1M 1%","R_0805_2012Metric",83.900000,-27.240000,90.000000,top
"R341","22k 1%","R_0805_2012Metric",13.000000,-86.960000,90.000000,top
"R342","17k8 1%","R_0805_2012Metric",17.000000,-86.960000,90.000000,top
"R343","17k8 1%","R_0805_2012Metric",21.000000,-86.960000,90.000000,top
"R344","22k 1%","R_0805_2012Metric",25.000000,-86.960000,90.000000,top
"R351","10k 1%","R_0805_2012Metric",52.000000,-86.960000,90.000000,top
"R352","10k 1%","R_0805_2012Metric",56.000000,-86.960000,90.000000,top
"R353","10k 1%","R_0805_2012Metric",70.000000,-86.960000,90.000000,top
"R354","4k99 1%","R_0805_2012Metric",74.000000,-86.960000,90.000000,top
"R355","10k 1%","R_0805_2012Metric",78.000000,-86.960000,90.000000,top
"R356","22k 1%","R_0805_2012Metric",50.000000,-135.440000,90.000000,top
"R357","4k99 1%","R_0805_2012Metric",54.000000,-135.440000,90.000000,top
"R401","10k 0.1%","R_0805_2012Metric",13.000000,-34.860000,90.000000,top
"R402","10k 0.1%","R_0805_2012Metric",15.900000,-34.860000,90.000000,top
"R411","12k1 0.1%","R_0805_2012Metric",35.000000,-34.860000,90.000000,top
"R415","220R 1%","R_0805_2012Metric",39.000000,-34.860000,90.000000,top
"R421","12k1 0.1%","R_0805_2012Metric",58.000000,-34.860000,90.000000,top
"R431","1M 1%","R_0805_2012Metric",76.000000,-34.860000,90.000000,top
"R432","1M 1%","R_0805_2012Metric",83.900000,-34.860000,90.000000,top
"R441","22k 1%","R_0805_2012Metric",13.000000,-94.580000,90.000000,top
"R442","17k8 1%","R_0805_2012Metric",17.000000,-94.580000,90.000000,top
"R443","17k8 1%","R_0805_2012Metric",21.000000,-94.580000,90.000000,top
"R444","22k 1%","R_0805_2012Metric",25.000000,-94.580000,90.000000,top
"R451","10k 1%","R_0805_2012Metric",52.000000,-94.580000,90.000000,top
"R452","10k 1%","R_0805_2012Metric",56.000000,-94.580000,90.000000,top
"R453","10k 1%","R_0805_2012Metric",70.000000,-94.580000,90.000000,top
"R454","4k99 1%","R_0805_2012Metric",74.000000,-94.580000,90.000000,top
"R455","10k 1%","R_0805_2012Metric",78.000000,-94.580000,90.000000,top
"R456","22k 1%","R_0805_2012Metric",50.000000,-139.440000,90.000000,top
"R457","4k99 1%","R_0805_2012Metric",54.000000,-139.440000,90.000000,top
"R501","10k 0.1%","R_0805_2012Metric",13.000000,-42.480000,90.000000,top
"R502","10k 0.1%","R_0805_2012Metric",15.900000,-42.480000,90.000000,top
"R511","12k1 0.1%","R_0805_2012Metric",35.000000,-42.480000,90.000000,top
"R515","220R 1%","R_0805_2012Metric",39.000000,-42.480000,90.000000,top
"R521","12k1 0.1%","R_0805_2012Metric",58.000000,-42.480000,90.000000,top
"R531","1M 1%","R_0805_2012Metric",76.000000,-42.480000,90.000000,top
"R532","1M 1%","R_0805_2012Metric",83.900000,-42.480000,90.000000,top
"R541","22k 1%","R_0805_2012Metric",13.000000,-102.200000,90.000000,top
"R542","17k8 1%","R_0805_2012Metric",17.000000,-102.200000,90.000000,top
"R543","17k8 1%","R_0805_2012Metric",21.000000,-102.200000,90.000000,top
"R544","22k 1%","R_0805_2012Metric",25.000000,-102.200000,90.000000,top
"R551","10k 1%","R_0805_2012Metric",52.000000,-102.200000,90.000000,top
"R552","10k 1%","R_0805_2012Metric",56.000000,-102.200000,90.000000,top
"R553","10k 1%","R_0805_2012Metric",70.000000,-102.200000,90.000000,top
"R554","4k99 1%","R_0805_2012Metric",74.000000,-102.200000,90.000000,top
"R555","10k 1%","R_0805_2012Metric",78.000000,-102.200000,90.000000,top
"R556","22k 1%","R_0805_2012Metric",50.000000,-143.440000,90.000000,top
"R557","4k99 1%","R_0805_2012Metric",54.000000,-143.440000,90.000000,top
"R601","10k 0.1%","R_0805_2012Metric",13.000000,-50.100000,90.000000,top
"R602","10k 0.1%","R_0805_2012Metric",15.900000,-50.100000,90.000000,top
"R611","12k1 0.1%","R_0805_2012Metric",35.000000,-50.100000,90.000000,top
"R615","220R 1%","R_0805_2012Metric",39.000000,-50.100000,90.000000,top
"R621","12k1 0.1%","R_0805_2012Metric",58.000000,-50.100000,90.000000,top
"R631","1M 1%","R_0805_2012Metric",76.000000,-50.100000,90.000000,top
"R632","1M 1%","R_0805_2012Metric",83.900000,-50.100000,90.000000,top
"R641","22k 1%","R_0805_2012Metric",13.000000,-109.820000,90.000000,top
"R642","17k8 1%","R_0805_2012Metric",17.000000,-109.820000,90.000000,top
"R643","17k8 1%","R_0805_2012Metric",21.000000,-109.820000,90.000000,top
"R644","22k 1%","R_0805_2012Metric",25.000000,-109.820000,90.000000,top
"R651","10k 1%","R_0805_2012Metric",52.000000,-109.820000,90.000000,top
"R652","10k 1%","R_0805_2012Metric",56.000000,-109.820000,90.000000,top
"R653","10k 1%","R_0805_2012Metric",70.000000,-109.820000,90.000000,top
"R654","4k99 1%","R_0805_2012Metric",74.000000,-109.820000,90.000000,top
"R655","10k 1%","R_0805_2012Metric",78.000000,-109.820000,90.000000,top
"R656","22k 1%","R_0805_2012Metric",50.000000,-147.440000,90.000000,top
"R657","4k99 1%","R_0805_2012Metric",54.000000,-147.440000,90.000000,top
"R801","10k 0.1%","R_0805_2012Metric",36.000000,-127.440000,90.000000,top
"R802","10k 0.1%","R_0805_2012Metric",40.000000,-127.440000,90.000000,top
"R803","100k 1%","R_0805_2012Metric",56.000000,-167.440000,90.000000,top
"R804","4R7 1%","R_0805_2012Metric",67.940000,-201.259999,90.000000,top
"R805","4R7 1%","R_0805_2012Metric",74.239999,-201.259999,90.000000,top
"R811","100k 1%","R_0805_2012Metric",40.000000,-172.070000,90.000000,top
"R812","100k 1%","R_0805_2012Metric",44.000000,-172.070000,90.000000,top
"R813","100k 1%","R_0805_2012Metric",48.000000,-172.070000,90.000000,top
"R814","100k 1%","R_0805_2012Metric",52.000000,-172.070000,90.000000,top
"R815","100k 1%","R_0805_2012Metric",56.000000,-172.070000,90.000000,top
"R816","100k 1%","R_0805_2012Metric",60.000000,-172.070000,90.000000,top
"R827","390R 1%","R_0805_2012Metric",22.150000,-186.049999,90.000000,top
"R828","33R 5%","R_0805_2012Metric",31.000000,-186.049999,90.000000,top
"R829","10R 5%","R_0805_2012Metric",34.000000,-186.049999,90.000000,top
"R830","10k 1%","R_0805_2012Metric",37.000000,-186.049999,90.000000,top
"R831","1k 1%","R_0805_2012Metric",40.000000,-186.049999,90.000000,top
"R832","1k 1%","R_0805_2012Metric",46.000000,-186.049999,90.000000,top
"R833","1k 1%","R_0805_2012Metric",49.000000,-186.049999,90.000000,top
"R850","88k7 1%","R_0805_2012Metric",77.000000,-190.649999,90.000000,top
"R851","22k1 1%","R_0805_2012Metric",80.000000,-190.649999,90.000000,top
"R901","0R","R_0805_2012Metric",5.470000,-143.440000,90.000000,top
"R902","0R","R_0805_2012Metric",6.000000,-157.440000,-90.000000,top
"U1","OPA1644","SOIC-14_3.9x8.7mm_P1.27mm",23.000000,-23.430000,90.000000,top
"U2","OPA1644","SOIC-14_3.9x8.7mm_P1.27mm",23.000000,-60.910000,90.000000,top
"U3","OPA1644","SOIC-14_3.9x8.7mm_P1.27mm",68.000000,-23.430000,90.000000,top
"U4","OPA1644","SOIC-14_3.9x8.7mm_P1.27mm",68.000000,-60.910000,90.000000,top
"U5","OPA1644","SOIC-14_3.9x8.7mm_P1.27mm",91.000000,-23.430000,90.000000,top
"U6","OPA1644","SOIC-14_3.9x8.7mm_P1.27mm",91.000000,-60.910000,90.000000,top
"U7","OPA1644","SOIC-14_3.9x8.7mm_P1.27mm",40.000000,-83.150000,90.000000,top
"U8","OPA1644","SOIC-14_3.9x8.7mm_P1.27mm",40.000000,-106.010000,90.000000,top
"U9","SSI2164","SOIC-16_3.9x9.9mm_P1.27mm",50.000000,-19.620000,90.000000,top
"U10","SSI2164","SOIC-16_3.9x9.9mm_P1.27mm",50.000000,-42.480000,90.000000,top
"U11","74AHC541","SOIC-20W_7.5x12.8mm_P1.27mm",20.000000,-157.440000,90.000000,top
"U12","MAX6126A25","SOIC-8_3.9x4.9mm_P1.27mm",14.000000,-127.440000,90.000000,top
"U13","TL074","SOIC-14_3.9x8.7mm_P1.27mm",89.000000,-83.150000,90.000000,top
"U14","TL074","SOIC-14_3.9x8.7mm_P1.27mm",89.000000,-106.010000,90.000000,top
"U15","TMR6-2422WI","TRACO_TMR-6-xxxxWI_Dual_THT",44.940000,-201.259999,0.000000,top
"U16","NCP1117-5.0","TO-252-2",91.179999,-201.259999,0.000000,top
"U17","MCP3564","TSSOP-20_4.4x6.5mm_P0.65mm",70.000000,-137.650000,0.000000,top
"U18","MCP1700-3.3","SOT-23",84.000000,-137.440000,0.000000,top
"U19","RaspberryPi_Pico","RaspberryPi_Pico_SMD_HandSolder",78.789999,-221.649999,-90.000000,top
"U21","TLP2761","SO-6L_10x3.84mm_P1.27mm",14.000000,-187.049999,0.000000,top
"U22","TPS560430XF","SOT-23-6",58.000000,-190.649999,0.000000,top
