Reference,Value,Footprint,MPN,Fitted,Order,Unit low,Unit high,Currency,Qty break,Basis,Source
"C101,C201,C301,C401,C501,C601,C802,C804",10u/16V X7R,Capacitor_SMD:C_1210_3225Metric,GRM21BR61C106KE15L,8,12,0.08,0.25,GBP,25,band,"typical distributor band, not read this session"
"C102,C202,C302,C402,C502,C602",1200p/50V C0G,Capacitor_SMD:C_0805_2012Metric,GRM2165C1H122JA01D,6,10,0.02,0.08,GBP,100,band,"typical distributor band, not read this session"
"C121,C221,C321,C421,C521,C621",100p/50V C0G,Capacitor_SMD:C_0805_2012Metric,GRM2165C1H101JA01D,6,10,0.02,0.08,GBP,100,band,"typical distributor band, not read this session"
"C131,C231,C331,C431,C531,C631",150n/50V X7R,Capacitor_SMD:C_0805_2012Metric,GRM216R71H154KA01D,6,10,0.02,0.08,GBP,100,band,"typical distributor band, not read this session"
"C141,C241,C341,C441,C541,C641",56n/50V X7R,Capacitor_SMD:C_0805_2012Metric,GRM216R71H563KA01D,6,10,0.02,0.08,GBP,100,band,"typical distributor band, not read this session"
"C142,C242,C342,C442,C542,C642",22n/50V X7R,Capacitor_SMD:C_0805_2012Metric,GRM216R71H223KA01D,6,10,0.02,0.08,GBP,100,band,"typical distributor band, not read this session"
"C701,C702,C703,C704,C705,C706,C707,C708,C709,C710,C711,C712,C713,C714,C715,C716,C717,C718,C719,C720,C803",100n/50V X7R,Capacitor_SMD:C_0805_2012Metric,GRM216R71H104KA01D,21,25,0.01,0.05,GBP,100,band,"typical distributor band, not read this session"
C801,100n/50V C0G,Capacitor_SMD:C_0805_2012Metric,GRM2195C1H104JA01D,1,5,0.15,0.45,GBP,10,band,"typical distributor band, not read this session"
J1,CH1,Connector_PinHeader_2.54mm:PinHeader_1x02_P2.54mm_Vertical,61300211121,1,5,0.25,0.60,GBP,10,band,"typical distributor band, not read this session"
J2,CH2,Connector_PinHeader_2.54mm:PinHeader_1x02_P2.54mm_Vertical,61300211121,1,5,0.25,0.60,GBP,10,band,"typical distributor band, not read this session"
J3,CH3,Connector_PinHeader_2.54mm:PinHeader_1x02_P2.54mm_Vertical,61300211121,1,5,0.25,0.60,GBP,10,band,"typical distributor band, not read this session"
J4,CH4,Connector_PinHeader_2.54mm:PinHeader_1x02_P2.54mm_Vertical,61300211121,1,5,0.25,0.60,GBP,10,band,"typical distributor band, not read this session"
J5,CH5,Connector_PinHeader_2.54mm:PinHeader_1x02_P2.54mm_Vertical,61300211121,1,5,0.25,0.60,GBP,10,band,"typical distributor band, not read this session"
J6,CH6,Connector_PinHeader_2.54mm:PinHeader_1x02_P2.54mm_Vertical,61300211121,1,5,0.25,0.60,GBP,10,band,"typical distributor band, not read this session"
J8,PWR,Connector_PinHeader_2.54mm:PinHeader_1x05_P2.54mm_Vertical,61300511121,1,5,0.40,0.90,GBP,10,band,"typical distributor band, not read this session"
J9,CTRL,Connector_PinHeader_2.54mm:PinHeader_1x05_P2.54mm_Vertical,61300511121,1,5,0.40,0.90,GBP,10,band,"typical distributor band, not read this session"
J10,CTRL2,Connector_PinHeader_2.54mm:PinHeader_1x05_P2.54mm_Vertical,61300511121,1,5,0.40,0.90,GBP,10,band,"typical distributor band, not read this session"
J11,CTRL3,Connector_PinHeader_2.54mm:PinHeader_1x03_P2.54mm_Vertical,61300311121,1,5,0.30,0.70,GBP,10,band,"typical distributor band, not read this session"
"K101,K102,K201,K202,K301,K302,K401,K402,K501,K502,K601,K602",NOT CHOSEN,,,12,13,2.50,5.00,GBP,12,band,envelope from a representative signal DPDT latching relay
"R101,R102,R201,R202,R301,R302,R401,R402,R501,R502,R601,R602,R801,R802",10k 0.1%,Resistor_SMD:R_0805_2012Metric,ERA6AEB103V,14,18,0.10,0.30,GBP,100,band,"typical distributor band, not read this session"
"R111,R121,R211,R221,R311,R321,R411,R421,R511,R521,R611,R621",12k1 0.1%,Resistor_SMD:R_0805_2012Metric,ERA6AEB1212V,12,16,0.10,0.30,GBP,25,band,"typical distributor band, not read this session"
"R112,R212,R312,R412,R512,R612",24k3 0.1%,Resistor_SMD:R_0805_2012Metric,ERA6AEB2432V,6,10,0.10,0.30,GBP,25,band,"typical distributor band, not read this session"
"R113,R213,R313,R413,R513,R613",48k7 0.1%,Resistor_SMD:R_0805_2012Metric,ERA6AEB4872V,6,10,0.10,0.30,GBP,25,band,"typical distributor band, not read this session"
"R114,R214,R314,R414,R514,R614",97k6 0.1%,Resistor_SMD:R_0805_2012Metric,ERA6AEB9762V,6,10,0.10,0.30,GBP,25,band,"typical distributor band, not read this session"
"R115,R215,R315,R415,R515,R615",220R 1%,Resistor_SMD:R_0805_2012Metric,RC0805FR-07220RL,6,10,0.01,0.03,GBP,100,band,"typical distributor band, not read this session"
"R131,R132,R231,R232,R331,R332,R431,R432,R531,R532,R631,R632",1M 1%,Resistor_SMD:R_0805_2012Metric,RC0805FR-071ML,12,16,0.01,0.03,GBP,100,band,"typical distributor band, not read this session"
"R141,R144,R241,R244,R341,R344,R441,R444,R541,R544,R641,R644",22k 1%,Resistor_SMD:R_0805_2012Metric,RC0805FR-0722KL,12,16,0.01,0.03,GBP,100,band,"typical distributor band, not read this session"
"R142,R143,R242,R243,R342,R343,R442,R443,R542,R543,R642,R643",17k8 1%,Resistor_SMD:R_0805_2012Metric,RC0805FR-0717K8L,12,16,0.01,0.03,GBP,100,band,"typical distributor band, not read this session"
"R811,R812,R813,R814,R815,R816",100k 1%,Resistor_SMD:R_0805_2012Metric,RC0805FR-07100KL,6,10,0.01,0.03,GBP,100,band,"typical distributor band, not read this session"
"R901,R902",0R,Resistor_SMD:R_0805_2012Metric,RC0805JR-070RL,2,6,0.01,0.03,GBP,100,band,"typical distributor band, not read this session"
"U1,U2,U3,U4,U5,U6,U7,U8",OPA1644,Package_SO:SOIC-14_3.9x8.7mm_P1.27mm,OPA1644AIDR,8,9,2.40,4.98,USD,1,snippet,https://octopart.com/opa1644aid-texas+instruments-18186989
"U9,U10",SSI2164,Package_SO:SOIC-16_3.9x9.9mm_P1.27mm,SSI2164S-RT,2,3,3.80,3.80,GBP,1,read,https://www.thonk.co.uk/shop/ssi2164/
U11,74AHC541,Package_SO:SOIC-20W_7.5x12.8mm_P1.27mm,SN74AHC541DWR,1,2,0.40,0.90,GBP,10,band,"typical distributor band, not read this session"
U12,MAX6126A25,Package_SO:SOIC-8_3.9x4.9mm_P1.27mm,MAX6126AASA25+,1,2,8.76,9.96,USD,1,snippet,"Digi-Key, via search; MAX6126B25+ at $8.76/1 and MAX6126AASA50+ at $9.96/1"
